Item,Quantity,Last Update,User
"CONTAINER REPAIR SUPPLIES:10"" CONTAINER RUNNER",160,4/11/2023 22:18,MS
CONTAINER REPAIR SUPPLIES:CB 10/12,0,4/16/2023 18:02,MS
CONTAINER REPAIR SUPPLIES:CB 16/18,0,12/13/2023 10:42,MS
CONTAINER REPAIR SUPPLIES:CB11-34,0,4/11/2023 22:54,MS
CONTAINER REPAIR SUPPLIES:CB14-00,10,2023-12-13 14:21:21,MS
CONTAINER REPAIR SUPPLIES:CB15-00,1,2023-12-13 13:17:22,MS
CONTAINER REPAIR SUPPLIES:CB17-25,0,12/15/2023 10:38,MS
CONTAINER REPAIR SUPPLIES:SB4525SW BLK,40,12/16/2023 10:38,MS
CONTAINER REPAIR SUPPLIES:SB4825WD BLK,80,12/17/2023 10:38,MS
CONTAINER REPAIR SUPPLIES:SB4834WD BLK,0,12/18/2023 10:38,MS
CONTAINER REPAIR SUPPLIES:SB484534 No Door - supply,0,12/19/2023 10:38,MS
"DIVIDERS/PLACARDS/TAGS:25"" Divider - 55X17 BLACK 6 M",3500,12/20/2023 10:38,MS
DIVIDERS/PLACARDS/TAGS:4.5X6.5 PLACARD,1100,12/21/2023 10:38,MS
DIVIDERS/PLACARDS/TAGS:41X44 DIVIDER,1100,12/22/2023 10:38,MS
"DIVIDERS/PLACARDS/TAGS:Black Divider - 42""",1800,12/23/2023 10:38,MS
DIVIDERS/PLACARDS/TAGS:Curbell Divider  55x17.5 BLK,0,12/24/2023 10:38,MS
DIVIDERS/PLACARDS/TAGS:CURBELL DIVIDER 55X35.5 BLK,0,12/25/2023 10:38,MS
DIVIDERS/PLACARDS/TAGS:CURBELL PLACARD 11X12 W/BEND,250,12/26/2023 10:38,MS
DIVIDERS/PLACARDS/TAGS:ESTP2,1100,12/27/2023 10:38,MS
"DIVIDERS/PLACARDS/TAGS:GREEN DIV - 34""",0,12/28/2023 10:38,MS
DIVIDERS/PLACARDS/TAGS:ID TAGS - PROPERTYOFRMHR,0,12/29/2023 10:38,MS
DIVIDERS/PLACARDS/TAGS:ID TAGS - RESOURCE MHR,6500,12/30/2023 10:38,MS
DIVIDERS/PLACARDS/TAGS:ID TAGS -RMHR LEASING LIDS,16000,12/31/2023 10:38,MS
DIVIDERS/PLACARDS/TAGS:ID TAGS -RMHR LEASING PALLETS,2000,1/1/2024 10:38,MS
DIVIDERS/PLACARDS/TAGS:ID TAGS 3X3,0,1/2/2024 10:38,MS
DIVIDERS/PLACARDS/TAGS:MICHELIN LEHIGH ID TAG,0,1/3/2024 10:38,MS
DIVIDERS/PLACARDS/TAGS:MICHELIN SANDY SPRINGS ID TAG,0,1/4/2024 10:38,MS
DIVIDERS/PLACARDS/TAGS:MICHELIN TUSCALOOSA ID TAG,0,1/5/2024 10:38,MS
DIVIDERS/PLACARDS/TAGS:Newman 3X3  ID TAGS,0,1/6/2024 10:38,MS
DIVIDERS/PLACARDS/TAGS:Newman Id Tags,0,1/7/2024 10:38,MS
DIVIDERS/PLACARDS/TAGS:PLAC/ID TAG COM,0,1/8/2024 10:38,MS
DIVIDERS:Trico Blue Divider,0,1/9/2024 10:38,MS
DIVIDERS/PLACARDS/TAGS:PLACARD 10X11,0,1/10/2024 10:38,MS
CONTAINERS:12x15x9 Used Grey Tote,0,1/11/2024 10:38,MS
CONTAINERS:24x15x7 NEW AP Green Tote,0,1/12/2024 10:38,MS
CONTAINERS:24x15x7 NEW AS Grey Tote,0,1/13/2024 10:38,MS
CONTAINERS:24x15x7 NEW NF Grey Tote,0,1/14/2024 10:38,MS
CONTAINERS:30X32X25USED,8,1/15/2024 10:38,MS
CONTAINERS:30X32X25USED BLK,0,1/16/2024 10:38,MS
CONTAINERS:30X32X30USED,0,1/17/2024 10:38,MS
CONTAINERS:30X32X34USED,1,1/18/2024 10:38,MS
CONTAINERS:30X32X34USED BLK,0,1/19/2024 10:38,MS
CONTAINERS:30X32X39USED,0,1/20/2024 10:38,MS
CONTAINERS:32x15x7 NEW AS Green Tote,0,1/21/2024 10:38,MS
CONTAINERS:32x15x7 NEW AS Grey Tote,0,1/22/2024 10:38,MS
CONTAINERS:32x15x7 NEW NF Grey Tote,0,1/23/2024 10:38,MS
CONTAINERS:34.5X40.5X26.5 METAL SOLID,0,1/24/2024 10:38,MS
CONTAINERS:34X40X32USED METAL,0,1/25/2024 10:38,MS
CONTAINERS:48x15x7 NEW NF Grey Tote,0,1/26/2024 10:38,MS
CONTAINERS:48X40X25USED,0,1/27/2024 10:38,MS
CONTAINERS:48X40X34USED,0,1/28/2024 10:38,MS
CONTAINERS:48X40X39USED,0,1/29/2024 10:38,MS
CONTAINERS:48X40X44USED,0,1/30/2024 10:38,MS
CONTAINERS:4845 Buckhorn Pallet and Top Ca,0,1/31/2024 10:38,MS
CONTAINERS:48X45X25USED,92,2/1/2024 10:38,MS
CONTAINERS:48X45X34USED,65,2/2/2024 10:38,MS
CONTAINERS:48X45X34USED Agri Bin,0,2/3/2024 10:38,MS
CONTAINERS:48X45X34USED BLACK,251,2/4/2024 10:38,MS
CONTAINERS:48X45X34USED ORBIS  BLACK,0,2/5/2024 10:38,MS
CONTAINERS:48X45X34USED ORBIS  BLUE/BLK,0,2/6/2024 10:38,MS
CONTAINERS:48x45x38/39USED,0,2/7/2024 10:38,MS
CONTAINERS:48X45X40USED,0,2/8/2024 10:38,MS
CONTAINERS:48X45X42USED,10,2/9/2024 10:38,MS
CONTAINERS:48X45X44USED,0,2/10/2024 10:38,MS
CONTAINERS:48x45x48USED,0,2/11/2024 10:38,MS
CONTAINERS:48X45X50USED,0,2/12/2024 10:38,MS
CONTAINERS:56X48X25USED,0,2/13/2024 10:38,MS
CONTAINERS:56X48X34USED,0,2/14/2024 10:38,MS
CONTAINERS:56X48X42USED,0,2/15/2024 10:38,MS
CONTAINERS:56X48X50USED,0,2/16/2024 10:38,MS
CONTAINERS:57X48X25 USED,0,2/17/2024 10:38,MS
CONTAINERS:57X48X34USED,0,2/18/2024 10:38,MS
CONTAINERS:57X48X42USED,0,2/19/2024 10:38,MS
CONTAINERS:57X48X44USED,0,2/20/2024 10:38,MS
CONTAINERS:57X48X50USED,8,2/21/2024 10:38,MS
CONTAINERS:58X48X34USED,0,2/22/2024 10:38,MS
CONTAINERS:62X48X25USED,0,2/23/2024 10:38,MS
CONTAINERS:62X48X34USED,0,2/24/2024 10:38,MS
CONTAINERS:62X48X50USED,0,2/25/2024 10:38,MS
CONTAINERS:64X48X25USED,43,2/26/2024 10:38,MS
CONTAINERS:64X48X34USED,51,2/27/2024 10:38,MS
CONTAINERS:64X48X39USED,0,2/28/2024 10:38,MS
CONTAINERS:64X48X40USED,0,2/29/2024 10:38,MS
CONTAINERS:64X48X42USED,0,3/1/2024 10:38,MS
CONTAINERS:64X48X48USED,0,3/2/2024 10:38,MS
CONTAINERS:64X48X50USED,0,3/3/2024 10:38,MS
CONTAINERS:65X48X34USED,0,3/4/2024 10:38,MS
CONTAINERS:70X48X25USED,0,3/5/2024 10:38,MS
CONTAINERS:70X48X34USED,0,3/6/2024 10:38,MS
CONTAINERS:70X48X50USED,0,3/7/2024 10:38,MS
CONTAINERS:78X48X34USED,0,3/8/2024 10:38,MS
CONTAINERS:BH484534,0,3/9/2024 10:38,MS
CONTAINERS:BH48453400 No Doors,0,3/10/2024 10:38,MS
CONTAINERS:CF241511AS,0,3/11/2024 10:38,MS
CONTAINERS:KD2GS-01,0,3/12/2024 10:38,MS
CONTAINERS:KD2GW-01,0,3/13/2024 10:38,MS
CONTAINERS:KDS-01,0,3/14/2024 10:38,MS
CONTAINERS:MF303225,184,3/15/2024 10:38,MS
CONTAINERS:MF303234,153,3/16/2024 10:38,MS
CONTAINERS:SB48453402 BLU,0,3/17/2024 10:38,MS
CONTAINERS:SB48453402 LTGRY,0,3/18/2024 10:38,MS
CONTAINERS:SBH48454202,0,3/19/2024 10:38,MS
CONTAINERS:SBH48454502,0,3/20/2024 10:38,MS
CONTAINERS:SBH48455002,0,3/21/2024 10:38,MS
CONTAINERS:SI48x45x45,0,3/22/2024 10:38,MS
CONTAINERS:SSI484525,0,3/23/2024 10:38,MS
CONTAINERS:SSI484534,0,3/24/2024 10:38,MS
CONTAINERS:SSI484534 No Doors,0,3/25/2024 10:38,MS
CONTAINERS:SSI484542,0,3/26/2024 10:38,MS
CONTAINERS:TD303225,0,3/27/2024 10:38,MS
CONTAINERS:TD303234,0,3/28/2024 10:38,MS
CONTAINERS:TD484034,0,3/29/2024 10:38,MS
CONTAINERS:TD484525,0,3/30/2024 10:38,MS
CONTAINERS:TD484534,0,3/31/2024 10:38,MS
CONTAINERS:TD484542,0,4/1/2024 10:38,MS
CONTAINERS:TD484550,16,4/2/2024 10:38,MS
CONTAINERS:USED R2GW-01,0,4/3/2024 10:38,MS
LIDS:BH4840,0,4/4/2024 10:38,MS
LIDS:CEC 48x45 Lids,0,4/5/2024 10:38,MS
LIDS:New 30x32 Lid,0,4/6/2024 10:38,MS
LIDS:New 48x40 Lid,80,4/7/2024 10:38,MS
LIDS:RMHR 48X45 LID,291,4/8/2024 10:38,MS
LIDS:RPP 48x45 Lids,0,4/9/2024 10:38,MS
LIDS:RTP 48x45 LID,0,4/10/2024 10:38,MS
LIDS:Used Lid for 48x45 Pallets SBB,0,4/11/2024 10:38,MS
PALLETS:32X30PALLET,0,4/12/2024 10:38,MS
PALLETS:43X43USEDPALLET,56,4/13/2024 10:38,MS
PALLETS:48x40 Nestable Pallet - USED,206,4/14/2024 10:38,MS
PALLETS:48x40 Stackable Pallet - USED,104,4/15/2024 10:38,MS
PALLETS:CPP530/PE,0,4/16/2024 10:38,MS
PALLETS:New 45x45 Pallet,4,4/17/2024 10:38,MS
PALLETS:TOM4840,0,4/18/2024 10:38,MS
PALLETS:Used 4845 Pallet,0,4/19/2024 10:38,MS
